<?xml version="1.0"?>
<preset>

<description/>

<settings>
<intro>&lt;p&gt;
&lt;script type="text/javascript" src="@@PLUGINFILE@@/vis-network.min.js"&gt;&lt;/script&gt;
&lt;/p&gt;</intro>
<comments>0</comments>
<requiredentries>0</requiredentries>
<requiredentriestoview>0</requiredentriestoview>
<maxentries>0</maxentries>
<rssarticles>0</rssarticles>
<approval>0</approval>
<manageapproved>1</manageapproved>
<defaultsortdir>0</defaultsortdir>
<defaultsort>0</defaultsort>
</settings>

<field>
<type>textarea</type>
<name>S&#xE4;tze</name>
<description>S&#xE4;tze</description>
<required>0</required>
<param2>60</param2>
<param3>10</param3>
<param4>1</param4>
<param5>0</param5>
</field>

</preset>
